date,warehouse,product_line,net_revenue
2021-08-28,Central,Electrical system,1216.2
2021-08-28,West,Miscellaneous,813.44
2021-08-28,West,Electrical system,563.85
2021-08-28,North,Electrical system,548.13
2021-08-28,North,Frame & body,521.5
2021-08-28,West,Breaking system,320.96
2021-08-28,Central,Miscellaneous,231.2
2021-08-28,North,Suspension & traction,184.42
2021-08-27,Central,Engine,2146.47
2021-08-27,Central,Electrical system,504.3
2021-08-27,North,Suspension & traction,444.84
2021-08-27,North,Electrical system,285.63
2021-08-27,West,Electrical system,85.89
2021-08-26,North,Breaking system,479.5
2021-08-26,North,Miscellaneous,214.1
2021-08-26,North,Suspension & traction,205.36
2021-08-26,North,Electrical system,128.43
2021-08-26,Central,Electrical system,73.82
2021-08-26,West,Breaking system,66.53
2021-08-26,Central,Miscellaneous,59.3
2021-08-26,Central,Breaking system,40.18
2021-08-25,North,Miscellaneous,603.77
2021-08-25,North,Engine,443.28
2021-08-25,Central,Frame & body,293.39
2021-08-25,North,Suspension & traction,259.12
2021-08-25,West,Breaking system,224.73
2021-08-25,Central,Electrical system,207.56
2021-08-25,Central,Breaking system,158.3
2021-08-25,North,Breaking system,94.35
2021-08-25,Central,Miscellaneous,56.16
2021-08-24,North,Suspension & traction,1036.93
2021-08-24,Central,Suspension & traction,973.74
2021-08-24,North,Electrical system,904.25
2021-08-24,North,Breaking system,199.62
2021-08-24,Central,Frame & body,159.41
2021-08-24,West,Miscellaneous,144.46
2021-08-24,Central,Electrical system,120.76
2021-08-24,West,Suspension & traction,78.08
2021-08-24,West,Breaking system,16.45
2021-08-23,North,Electrical system,560.74
2021-08-23,West,Electrical system,216.29
2021-08-23,West,Miscellaneous,119.43
2021-08-23,Central,Breaking system,105.43
2021-08-23,Central,Electrical system,101.93
2021-08-23,Central,Frame & body,97.77
2021-08-23,North,Breaking system,70.26
2021-08-22,Central,Frame & body,902.98
2021-08-22,Central,Suspension & traction,858.93
2021-08-22,Central,Electrical system,427.32
2021-08-22,Central,Breaking system,234.72
2021-08-22,North,Suspension & traction,217.4
2021-08-22,West,Suspension & traction,37.48
2021-08-21,North,Frame & body,1436.67
2021-08-21,West,Suspension & traction,509.61
2021-08-21,Central,Engine,473.23
2021-08-21,North,Electrical system,289.12
2021-08-21,North,Miscellaneous,153.88
2021-08-21,West,Breaking system,136.96
2021-08-21,North,Breaking system,109.48
2021-08-21,Central,Breaking system,94.36
2021-08-21,North,Suspension & traction,29.22
2021-08-20,Central,Frame & body,1775.31
2021-08-20,North,Suspension & traction,566.08
2021-08-20,North,Frame & body,500.39
2021-08-20,North,Breaking system,88.8
2021-08-20,Central,Breaking system,45.25
2021-08-20,North,Electrical system,32.52
2021-08-19,North,Suspension & traction,1511.31
2021-08-19,Central,Frame & body,665.31
2021-08-19,West,Breaking system,107.29
2021-08-19,North,Electrical system,107.04
2021-08-18,West,Breaking system,806.6
2021-08-18,North,Frame & body,764.78
2021-08-18,North,Electrical system,698.04
2021-08-18,Central,Frame & body,367.89
2021-08-18,North,Suspension & traction,365.94
2021-08-18,West,Suspension & traction,233.17
2021-08-18,Central,Suspension & traction,201.97
2021-08-18,West,Frame & body,187.71
2021-08-18,Central,Breaking system,99.13
2021-08-18,North,Breaking system,94.41
2021-08-18,Central,Miscellaneous,79.96
2021-08-18,North,Miscellaneous,41.08
2021-08-17,Central,Suspension & traction,1775.76
2021-08-17,West,Frame & body,448.86
2021-08-17,North,Suspension & traction,267.79
2021-08-17,North,Electrical system,262.59
2021-08-17,West,Breaking system,221.05
2021-08-17,Central,Electrical system,218.64
2021-08-17,North,Miscellaneous,217.79
2021-08-17,North,Breaking system,200.52
2021-08-17,West,Suspension & traction,150.35
2021-08-17,West,Electrical system,110.76
2021-08-17,Central,Breaking system,100.56
2021-08-16,West,Suspension & traction,297.55
2021-08-16,Central,Suspension & traction,221.91
2021-08-16,North,Frame & body,194.38
2021-08-16,North,Electrical system,100.79
2021-08-16,West,Breaking system,94.65
2021-08-16,Central,Breaking system,67.65
2021-08-15,North,Frame & body,1846.13
2021-08-15,Central,Breaking system,567.93
2021-08-15,Central,Frame & body,254.51
2021-08-15,Central,Suspension & traction,241.92
2021-08-15,North,Suspension & traction,151.65
2021-08-15,West,Miscellaneous,17.1
2021-08-14,Central,Frame & body,436.45
2021-08-14,North,Frame & body,363.33
2021-08-14,Central,Miscellaneous,251.7
2021-08-14,Central,Suspension & traction,163.76
2021-08-14,West,Electrical system,153.83
2021-08-14,North,Miscellaneous,119.68
2021-08-14,North,Suspension & traction,115.83
2021-08-14,West,Breaking system,98.17
2021-08-13,Central,Frame & body,2143.09
2021-08-13,Central,Suspension & traction,593.46
2021-08-13,North,Breaking system,464.4
2021-08-13,Central,Engine,414.33
2021-08-13,North,Electrical system,187.34
2021-08-13,Central,Electrical system,137.12
2021-08-13,North,Engine,132.19
2021-08-13,Central,Breaking system,25.73
2021-08-12,North,Frame & body,1784.88
2021-08-12,Central,Frame & body,981.36
2021-08-12,Central,Breaking system,719.63
2021-08-12,Central,Engine,637.63
2021-08-12,Central,Suspension & traction,601.13
2021-08-12,North,Electrical system,290.65
2021-08-12,Central,Electrical system,226.98
2021-08-12,West,Breaking system,212.6
2021-08-12,West,Suspension & traction,207.49
2021-08-12,Central,Miscellaneous,177.61
2021-08-12,West,Electrical system,156.59
2021-08-12,North,Breaking system,97.97
2021-08-11,Central,Engine,530.18
2021-08-11,Central,Suspension & traction,285.21
2021-08-11,Central,Breaking system,263.7
2021-08-11,North,Electrical system,193.12
2021-08-11,North,Miscellaneous,146.76
2021-08-11,West,Breaking system,100.67
2021-08-11,Central,Frame & body,90.96
2021-08-11,North,Breaking system,86.89
2021-08-10,Central,Engine,2412.17
2021-08-10,North,Frame & body,1392.53
2021-08-10,West,Breaking system,384.69
2021-08-10,Central,Suspension & traction,353.33
2021-08-10,Central,Electrical system,315.51
2021-08-10,Central,Frame & body,198.49
2021-08-10,West,Miscellaneous,157.55
2021-08-10,West,Electrical system,130.61
2021-08-10,North,Electrical system,98.45
2021-08-09,Central,Frame & body,1345.16
2021-08-09,North,Electrical system,841.6
2021-08-09,North,Suspension & traction,433.16
2021-08-09,West,Electrical system,151.28
2021-08-09,Central,Miscellaneous,126.77
2021-08-09,Central,Electrical system,112.08
2021-08-09,North,Breaking system,96.45
2021-08-09,Central,Suspension & traction,63.43
2021-08-08,Central,Engine,2546.33
2021-08-08,Central,Suspension & traction,1143.98
2021-08-08,North,Miscellaneous,420.61
2021-08-08,North,Frame & body,331.77
2021-08-08,North,Suspension & traction,284.3
2021-08-08,Central,Miscellaneous,114.59
2021-08-08,Central,Breaking system,53.67
2021-08-08,North,Electrical system,52.68
2021-08-08,West,Breaking system,47.87
2021-08-08,North,Breaking system,45.89
2021-08-07,Central,Suspension & traction,1060.52
2021-08-07,West,Breaking system,893.82
2021-08-07,West,Frame & body,829.7
2021-08-07,Central,Breaking system,748.69
2021-08-07,North,Miscellaneous,599.27
2021-08-07,North,Frame & body,507.39
2021-08-07,Central,Frame & body,449.94
2021-08-07,North,Electrical system,253.23
2021-08-07,North,Engine,234.47
2021-08-07,West,Suspension & traction,225.91
2021-08-07,North,Breaking system,196.39
2021-08-07,Central,Electrical system,129.31
2021-08-06,North,Suspension & traction,1788.32
2021-08-06,West,Electrical system,242.33
2021-08-06,Central,Electrical system,181.3
2021-08-06,Central,Breaking system,177.01
2021-08-06,Central,Miscellaneous,146.05
2021-08-06,North,Breaking system,93.14
2021-08-06,North,Electrical system,32.86
2021-08-05,Central,Suspension & traction,550.55
2021-08-05,North,Suspension & traction,516.81
2021-08-05,North,Electrical system,173.32
2021-08-05,Central,Breaking system,94.23
2021-08-04,North,Frame & body,1730.86
2021-08-04,Central,Frame & body,1646.78
2021-08-04,North,Electrical system,758.96
2021-08-04,Central,Suspension & traction,444.46
2021-08-04,Central,Miscellaneous,165.76
2021-08-04,Central,Breaking system,133.23
2021-08-04,West,Suspension & traction,31.17
2021-08-03,Central,Engine,3365.97
2021-08-03,Central,Miscellaneous,1508.6
2021-08-03,West,Suspension & traction,1080.8
2021-08-03,Central,Electrical system,825.32
2021-08-03,Central,Suspension & traction,559.98
2021-08-03,Central,Frame & body,449.57
2021-08-03,West,Frame & body,330.24
2021-08-03,Central,Breaking system,138.47
2021-08-03,North,Suspension & traction,114.16
2021-08-03,North,Breaking system,43.97
2021-08-02,North,Engine,2508.56
2021-08-02,North,Electrical system,894.84
2021-08-02,North,Breaking system,593.76
2021-08-02,North,Suspension & traction,412.64
2021-08-02,Central,Suspension & traction,283.9
2021-08-02,North,Frame & body,247.73
2021-08-02,Central,Miscellaneous,238.27
2021-08-02,North,Miscellaneous,103.11
2021-08-01,Central,Electrical system,1213.13
2021-08-01,West,Electrical system,967.53
2021-08-01,Central,Breaking system,820.33
2021-08-01,Central,Suspension & traction,566.15
2021-08-01,West,Suspension & traction,486.48
2021-08-01,North,Suspension & traction,229.05
2021-08-01,North,Electrical system,150.44
2021-08-01,North,Breaking system,112.3
2021-08-01,North,Engine,54.17
2021-07-31,Central,Suspension & traction,2405.26
2021-07-31,North,Frame & body,657.08
2021-07-31,Central,Frame & body,499.35
2021-07-31,Central,Breaking system,474.97
2021-07-31,Central,Electrical system,469.05
2021-07-31,West,Frame & body,391.1
2021-07-31,Central,Engine,186.7
2021-07-31,North,Miscellaneous,97.68
2021-07-31,West,Breaking system,38.51
2021-07-30,Central,Breaking system,805.6
2021-07-30,West,Miscellaneous,413.04
2021-07-30,North,Electrical system,242.47
2021-07-30,Central,Electrical system,113.91
2021-07-30,Central,Suspension & traction,88.75
2021-07-30,North,Suspension & traction,61.58
2021-07-30,North,Breaking system,48.21
2021-07-30,Central,Miscellaneous,22.29
2021-07-29,North,Miscellaneous,642.48
2021-07-29,Central,Suspension & traction,314.64
2021-07-29,West,Breaking system,190.93
2021-07-29,Central,Breaking system,151.82
2021-07-29,North,Electrical system,78.0
2021-07-29,Central,Electrical system,26.72
2021-07-28,North,Suspension & traction,1132.13
2021-07-28,Central,Electrical system,1117.13
2021-07-28,Central,Engine,522.5
2021-07-28,West,Engine,450.18
2021-07-28,North,Breaking system,401.96
2021-07-28,North,Miscellaneous,257.4
2021-07-28,West,Miscellaneous,232.63
2021-07-28,Central,Frame & body,222.72
2021-07-28,Central,Breaking system,167.49
2021-07-28,West,Suspension & traction,41.62
2021-07-27,Central,Suspension & traction,962.8
2021-07-27,Central,Miscellaneous,426.4
2021-07-27,Central,Engine,399.71
2021-07-27,Central,Frame & body,239.44
2021-07-27,West,Breaking system,109.4
2021-07-27,Central,Breaking system,49.96
2021-07-27,North,Electrical system,48.87
2021-07-27,North,Breaking system,17.58
2021-07-26,Central,Engine,1827.04
2021-07-26,Central,Suspension & traction,562.97
2021-07-26,North,Frame & body,286.79
2021-07-26,North,Electrical system,251.43
2021-07-26,West,Electrical system,155.03
2021-07-26,Central,Breaking system,120.11
2021-07-26,Central,Miscellaneous,116.67
2021-07-26,Central,Electrical system,108.38
2021-07-26,North,Miscellaneous,89.8
2021-07-26,North,Breaking system,82.03
2021-07-26,Central,Frame & body,48.08
2021-07-25,North,Suspension & traction,580.67
2021-07-25,Central,Suspension & traction,578.33
2021-07-25,Central,Frame & body,257.95
2021-07-25,Central,Electrical system,207.9
2021-07-25,Central,Miscellaneous,141.91
2021-07-25,West,Electrical system,91.8
2021-07-25,Central,Breaking system,44.59
2021-07-24,Central,Electrical system,495.31
2021-07-24,West,Frame & body,301.46
2021-07-24,West,Miscellaneous,126.23
2021-07-24,North,Miscellaneous,102.31
2021-07-24,Central,Miscellaneous,89.4
2021-07-23,North,Frame & body,1496.6
2021-07-23,Central,Breaking system,359.97
2021-07-23,West,Frame & body,344.74
2021-07-23,Central,Suspension & traction,326.45
2021-07-23,North,Suspension & traction,315.0
2021-07-23,Central,Miscellaneous,18.4
2021-07-22,West,Engine,319.72
2021-07-22,Central,Engine,169.96
2021-07-22,West,Frame & body,99.6
2021-07-22,North,Electrical system,97.32
2021-07-22,Central,Breaking system,82.55
2021-07-22,West,Breaking system,10.42
2021-07-21,Central,Frame & body,1546.6
2021-07-21,North,Engine,553.87
2021-07-21,Central,Miscellaneous,362.23
2021-07-21,Central,Engine,305.57
2021-07-21,Central,Breaking system,209.68
2021-07-21,West,Suspension & traction,157.51
2021-07-21,North,Miscellaneous,143.58
2021-07-21,North,Suspension & traction,62.56
2021-07-20,North,Miscellaneous,1071.96
2021-07-20,North,Electrical system,1017.48
2021-07-20,Central,Suspension & traction,637.29
2021-07-20,West,Engine,429.07
2021-07-20,Central,Frame & body,308.09
2021-07-20,North,Engine,292.33
2021-07-20,Central,Breaking system,60.83
2021-07-20,North,Breaking system,49.49
2021-07-19,North,Suspension & traction,737.68
2021-07-19,North,Breaking system,645.59
2021-07-19,Central,Electrical system,529.74
2021-07-19,North,Electrical system,108.32
2021-07-19,West,Breaking system,70.11
2021-07-18,North,Breaking system,787.59
2021-07-18,West,Miscellaneous,504.63
2021-07-18,North,Frame & body,447.14
2021-07-18,Central,Frame & body,369.99
2021-07-18,Central,Electrical system,368.44
2021-07-18,North,Suspension & traction,318.39
2021-07-18,West,Frame & body,312.65
2021-07-18,North,Electrical system,208.17
2021-07-18,Central,Suspension & traction,134.84
2021-07-17,Central,Frame & body,419.85
2021-07-17,Central,Breaking system,226.77
2021-07-17,West,Breaking system,172.42
2021-07-17,West,Electrical system,147.71
2021-07-17,Central,Suspension & traction,135.04
2021-07-17,North,Miscellaneous,122.29
2021-07-16,Central,Breaking system,1138.64
2021-07-16,West,Electrical system,848.99
2021-07-16,Central,Electrical system,825.53
2021-07-16,Central,Suspension & traction,497.19
2021-07-16,Central,Engine,357.59
2021-07-16,North,Suspension & traction,293.28
2021-07-16,West,Breaking system,260.96
2021-07-16,Central,Miscellaneous,236.1
2021-07-16,Central,Frame & body,192.21
2021-07-16,North,Electrical system,115.26
2021-07-16,West,Frame & body,112.37
2021-07-16,North,Breaking system,102.07
2021-07-16,North,Miscellaneous,73.55
2021-07-16,West,Suspension & traction,41.47
2021-07-15,Central,Frame & body,1213.71
2021-07-15,Central,Miscellaneous,717.73
2021-07-15,North,Suspension & traction,332.75
2021-07-15,West,Miscellaneous,239.16
2021-07-15,North,Frame & body,122.32
2021-07-15,West,Engine,119.44
2021-07-15,Central,Electrical system,117.16
2021-07-15,North,Electrical system,31.88
2021-07-14,Central,Frame & body,360.48
2021-07-14,West,Breaking system,190.64
2021-07-14,Central,Breaking system,150.9
2021-07-14,Central,Miscellaneous,126.49
2021-07-14,North,Suspension & traction,121.5
2021-07-14,North,Electrical system,29.47
2021-07-13,Central,Suspension & traction,1402.53
2021-07-13,Central,Miscellaneous,278.5
2021-07-13,North,Electrical system,247.89
2021-07-13,Central,Breaking system,193.16
2021-07-13,North,Frame & body,90.54
2021-07-13,West,Breaking system,68.23
2021-07-13,Central,Electrical system,23.25
2021-07-12,Central,Miscellaneous,1048.0
2021-07-12,West,Suspension & traction,788.97
2021-07-12,Central,Engine,576.14
2021-07-12,West,Breaking system,418.87
2021-07-12,North,Frame & body,196.51
2021-07-12,North,Suspension & traction,115.04
2021-07-12,Central,Suspension & traction,113.52
2021-07-11,Central,Suspension & traction,872.25
2021-07-11,Central,Electrical system,711.99
2021-07-11,North,Breaking system,655.2
2021-07-11,West,Breaking system,575.77
2021-07-11,Central,Frame & body,156.56
2021-07-11,North,Miscellaneous,103.82
2021-07-11,West,Electrical system,44.49
2021-07-11,North,Suspension & traction,37.34
2021-07-10,North,Frame & body,1481.6
2021-07-10,Central,Suspension & traction,1160.24
2021-07-10,North,Miscellaneous,690.24
2021-07-10,West,Engine,641.02
2021-07-10,Central,Electrical system,362.8
2021-07-10,West,Suspension & traction,162.45
2021-07-10,West,Breaking system,133.3
2021-07-10,Central,Breaking system,65.57
2021-07-10,Central,Miscellaneous,50.54
2021-07-10,North,Breaking system,13.64
2021-07-09,West,Breaking system,981.4
2021-07-09,Central,Frame & body,704.54
2021-07-09,Central,Suspension & traction,418.52
2021-07-09,North,Frame & body,334.03
2021-07-09,North,Breaking system,259.92
2021-07-09,West,Frame & body,220.81
2021-07-09,Central,Electrical system,160.01
2021-07-09,Central,Breaking system,13.92
2021-07-08,Central,Electrical system,1098.06
2021-07-08,Central,Engine,598.25
2021-07-08,North,Engine,519.47
2021-07-08,Central,Suspension & traction,452.48
2021-07-08,Central,Breaking system,380.81
2021-07-08,North,Suspension & traction,353.99
2021-07-08,Central,Miscellaneous,320.41
2021-07-08,North,Miscellaneous,205.32
2021-07-08,West,Electrical system,187.81
2021-07-08,North,Frame & body,40.93
2021-07-08,Central,Frame & body,35.03
2021-07-07,Central,Electrical system,1215.58
2021-07-07,Central,Suspension & traction,956.64
2021-07-07,North,Suspension & traction,749.76
2021-07-07,Central,Breaking system,369.55
2021-07-07,North,Engine,279.73
2021-07-07,Central,Miscellaneous,150.01
2021-07-07,West,Electrical system,31.62
2021-07-07,West,Miscellaneous,22.07
2021-07-06,Central,Breaking system,596.7
2021-07-06,Central,Engine,537.36
2021-07-06,North,Suspension & traction,403.76
2021-07-06,West,Electrical system,281.0
2021-07-06,West,Engine,199.1
2021-07-06,North,Frame & body,137.6
2021-07-06,Central,Miscellaneous,127.27
2021-07-06,Central,Frame & body,72.16
2021-07-06,North,Miscellaneous,27.98
2021-07-06,North,Breaking system,13.44
2021-07-05,North,Electrical system,788.04
2021-07-05,Central,Suspension & traction,341.52
2021-07-05,North,Frame & body,202.55
2021-07-05,West,Electrical system,170.77
2021-07-05,North,Suspension & traction,147.97
2021-07-05,West,Suspension & traction,109.32
2021-07-05,Central,Breaking system,89.57
2021-07-05,North,Breaking system,65.75
2021-07-05,Central,Miscellaneous,24.63
2021-07-04,Central,Miscellaneous,1006.27
2021-07-04,Central,Frame & body,686.73
2021-07-04,North,Suspension & traction,656.99
2021-07-04,West,Frame & body,598.18
2021-07-04,North,Breaking system,301.6
2021-07-04,North,Miscellaneous,89.4
2021-07-04,Central,Breaking system,17.3
2021-07-03,North,Frame & body,1341.44
2021-07-03,Central,Breaking system,845.25
2021-07-03,North,Breaking system,620.87
2021-07-03,Central,Suspension & traction,599.97
2021-07-03,West,Miscellaneous,214.37
2021-07-03,North,Miscellaneous,151.6
2021-07-03,Central,Electrical system,147.3
2021-07-03,West,Electrical system,135.49
2021-07-03,West,Breaking system,96.95
2021-07-03,North,Engine,53.06
2021-07-02,West,Suspension & traction,1384.74
2021-07-02,North,Frame & body,1257.76
2021-07-02,North,Engine,1007.15
2021-07-02,Central,Suspension & traction,259.6
2021-07-02,West,Breaking system,137.48
2021-07-02,North,Miscellaneous,78.53
2021-07-01,Central,Electrical system,1509.43
2021-07-01,West,Breaking system,793.07
2021-07-01,West,Suspension & traction,498.83
2021-07-01,North,Suspension & traction,491.45
2021-07-01,West,Frame & body,335.62
2021-07-01,Central,Frame & body,325.9
2021-07-01,Central,Breaking system,226.66
2021-07-01,Central,Suspension & traction,195.35
2021-07-01,North,Breaking system,135.12
2021-06-30,West,Miscellaneous,1337.65
2021-06-30,Central,Suspension & traction,820.49
2021-06-30,North,Suspension & traction,487.56
2021-06-30,West,Frame & body,129.19
2021-06-30,Central,Electrical system,82.43
2021-06-29,North,Frame & body,907.78
2021-06-29,North,Suspension & traction,791.23
2021-06-29,Central,Frame & body,377.78
2021-06-29,West,Electrical system,264.6
2021-06-29,Central,Breaking system,220.32
2021-06-29,West,Frame & body,219.15
2021-06-29,North,Breaking system,199.86
2021-06-29,Central,Miscellaneous,164.05
2021-06-29,West,Breaking system,92.08
2021-06-29,Central,Engine,56.72
2021-06-29,North,Electrical system,23.1
2021-06-28,Central,Engine,2786.34
2021-06-28,Central,Suspension & traction,1289.41
2021-06-28,Central,Electrical system,736.99
2021-06-28,Central,Frame & body,417.1
2021-06-28,West,Frame & body,374.63
2021-06-28,North,Suspension & traction,232.24
2021-06-28,West,Electrical system,118.77
2021-06-28,North,Miscellaneous,106.79
2021-06-28,Central,Breaking system,61.52
2021-06-27,Central,Electrical system,977.13
2021-06-27,Central,Breaking system,624.42
2021-06-27,North,Engine,477.63
2021-06-27,Central,Frame & body,357.27
2021-06-27,Central,Suspension & traction,331.68
2021-06-27,West,Suspension & traction,276.41
2021-06-27,Central,Engine,264.11
2021-06-27,North,Frame & body,193.54
2021-06-27,West,Miscellaneous,170.24
2021-06-27,North,Miscellaneous,161.71
2021-06-27,North,Breaking system,121.66
2021-06-27,North,Suspension & traction,54.01
2021-06-27,North,Electrical system,28.88
2021-06-26,Central,Electrical system,1301.38
2021-06-26,Central,Miscellaneous,745.34
2021-06-26,West,Frame & body,408.1
2021-06-26,Central,Breaking system,291.49
2021-06-26,Central,Frame & body,209.62
2021-06-26,North,Electrical system,176.97
2021-06-26,Central,Suspension & traction,117.03
2021-06-26,West,Breaking system,91.54
2021-06-26,North,Breaking system,22.24
2021-06-25,North,Suspension & traction,810.95
2021-06-25,North,Frame & body,640.13
2021-06-25,West,Engine,445.75
2021-06-25,Central,Electrical system,418.25
2021-06-25,West,Frame & body,405.28
2021-06-25,Central,Miscellaneous,290.23
2021-06-25,Central,Breaking system,141.55
2021-06-25,West,Breaking system,78.34
2021-06-25,Central,Frame & body,73.96
2021-06-25,Central,Engine,66.02
2021-06-25,North,Breaking system,20.68
2021-06-24,North,Electrical system,1087.97
2021-06-24,Central,Frame & body,684.08
2021-06-24,North,Frame & body,464.62
2021-06-24,Central,Electrical system,439.02
2021-06-24,Central,Suspension & traction,186.07
2021-06-24,North,Breaking system,182.24
2021-06-24,West,Suspension & traction,153.01
2021-06-24,Central,Breaking system,71.61
2021-06-23,Central,Breaking system,583.19
2021-06-23,North,Engine,568.73
2021-06-23,West,Suspension & traction,526.35
2021-06-23,West,Frame & body,483.0
2021-06-23,North,Miscellaneous,369.97
2021-06-23,West,Electrical system,325.31
2021-06-23,Central,Suspension & traction,233.77
2021-06-23,North,Suspension & traction,216.06
2021-06-23,Central,Electrical system,123.0
2021-06-23,West,Breaking system,92.33
2021-06-23,North,Breaking system,70.06
2021-06-22,Central,Engine,877.13
2021-06-22,North,Suspension & traction,427.34
2021-06-22,Central,Suspension & traction,157.82
2021-06-22,Central,Breaking system,65.72
2021-06-21,North,Suspension & traction,451.17
2021-06-21,West,Engine,399.19
2021-06-21,North,Electrical system,178.7
2021-06-21,North,Breaking system,115.15
2021-06-21,West,Miscellaneous,99.32
2021-06-21,North,Miscellaneous,67.34
2021-06-21,Central,Frame & body,49.69
2021-06-20,West,Suspension & traction,1276.0
2021-06-20,Central,Frame & body,754.48
2021-06-20,North,Breaking system,607.36
2021-06-20,North,Electrical system,414.67
2021-06-20,North,Suspension & traction,370.58
2021-06-20,West,Electrical system,191.43
2021-06-20,Central,Suspension & traction,161.55
2021-06-20,North,Frame & body,97.71
2021-06-20,West,Breaking system,87.49
2021-06-19,North,Frame & body,1153.01
2021-06-19,North,Suspension & traction,962.11
2021-06-19,West,Suspension & traction,296.49
2021-06-19,North,Miscellaneous,283.12
2021-06-19,Central,Suspension & traction,202.89
2021-06-19,West,Miscellaneous,164.24
2021-06-19,Central,Electrical system,149.47
2021-06-19,North,Breaking system,149.1
2021-06-19,Central,Frame & body,131.53
2021-06-19,West,Breaking system,73.06
2021-06-19,West,Frame & body,46.82
2021-06-18,Central,Frame & body,1743.78
2021-06-18,North,Frame & body,1156.24
2021-06-18,North,Suspension & traction,400.97
2021-06-18,Central,Breaking system,399.12
2021-06-18,North,Breaking system,276.3
2021-06-18,Central,Miscellaneous,133.05
2021-06-18,West,Electrical system,23.24
2021-06-17,Central,Frame & body,986.61
2021-06-17,Central,Suspension & traction,443.17
2021-06-17,North,Frame & body,414.91
2021-06-17,Central,Miscellaneous,378.05
2021-06-17,North,Miscellaneous,268.68
2021-06-17,Central,Electrical system,217.09
2021-06-17,North,Suspension & traction,171.52
2021-06-16,North,Suspension & traction,1423.73
2021-06-16,Central,Frame & body,664.36
2021-06-16,Central,Miscellaneous,458.79
2021-06-16,Central,Suspension & traction,409.3
2021-06-16,Central,Breaking system,127.04
2021-06-16,North,Frame & body,97.73
2021-06-15,Central,Engine,2389.85
2021-06-15,North,Suspension & traction,1596.69
2021-06-15,Central,Frame & body,1174.88
2021-06-15,Central,Suspension & traction,412.28
2021-06-15,West,Suspension & traction,343.12
2021-06-15,North,Frame & body,255.62
2021-06-15,North,Electrical system,241.32
2021-06-15,Central,Electrical system,146.38
2021-06-15,West,Miscellaneous,81.2
2021-06-15,North,Breaking system,44.59
2021-06-15,Central,Breaking system,41.17
2021-06-14,North,Breaking system,665.73
2021-06-14,Central,Electrical system,528.87
2021-06-14,Central,Engine,412.06
2021-06-14,Central,Miscellaneous,355.78
2021-06-14,West,Suspension & traction,292.26
2021-06-14,West,Miscellaneous,74.51
2021-06-14,Central,Breaking system,45.39
2021-06-14,Central,Frame & body,39.14
2021-06-13,North,Suspension & traction,288.96
2021-06-13,North,Frame & body,286.51
2021-06-13,Central,Frame & body,272.6
2021-06-13,Central,Electrical system,236.08
2021-06-13,North,Electrical system,209.43
2021-06-13,Central,Breaking system,167.2
2021-06-13,West,Miscellaneous,67.36
2021-06-13,Central,Miscellaneous,50.8
2021-06-12,West,Frame & body,1199.89
2021-06-12,Central,Suspension & traction,647.08
2021-06-12,North,Suspension & traction,397.78
2021-06-12,Central,Electrical system,329.0
2021-06-12,North,Breaking system,237.39
2021-06-12,Central,Frame & body,223.01
2021-06-12,Central,Breaking system,222.08
2021-06-11,North,Miscellaneous,671.41
2021-06-11,Central,Breaking system,404.93
2021-06-11,North,Suspension & traction,246.52
2021-06-11,North,Frame & body,188.22
2021-06-11,West,Frame & body,95.72
2021-06-11,North,Breaking system,76.44
2021-06-10,North,Frame & body,1035.91
2021-06-10,West,Miscellaneous,782.94
2021-06-10,Central,Frame & body,378.37
2021-06-10,West,Frame & body,330.33
2021-06-10,North,Suspension & traction,228.38
2021-06-10,Central,Electrical system,221.51
2021-06-10,Central,Breaking system,151.5
2021-06-10,North,Engine,112.09
2021-06-09,Central,Breaking system,693.56
2021-06-09,Central,Suspension & traction,620.13
2021-06-09,West,Frame & body,492.4
2021-06-09,Central,Frame & body,282.47
2021-06-09,West,Electrical system,229.1
2021-06-09,North,Breaking system,73.78
2021-06-08,West,Breaking system,1345.83
2021-06-08,Central,Breaking system,1022.72
2021-06-08,Central,Miscellaneous,952.78
2021-06-08,West,Suspension & traction,541.39
2021-06-08,Central,Frame & body,477.36
2021-06-08,North,Frame & body,268.54
2021-06-08,West,Miscellaneous,208.62
2021-06-08,North,Electrical system,189.95
2021-06-08,Central,Suspension & traction,66.37
2021-06-07,Central,Suspension & traction,1145.47
2021-06-07,North,Frame & body,391.42
2021-06-07,Central,Breaking system,261.91
2021-06-07,North,Suspension & traction,257.31
2021-06-07,Central,Frame & body,178.75
2021-06-07,North,Electrical system,118.48
2021-06-07,Central,Miscellaneous,112.76
2021-06-07,West,Miscellaneous,53.61
2021-06-06,Central,Engine,2282.82
2021-06-06,North,Suspension & traction,1114.13
2021-06-06,West,Miscellaneous,282.47
2021-06-06,North,Frame & body,212.28
2021-06-06,North,Breaking system,183.78
2021-06-06,Central,Suspension & traction,141.46
2021-06-06,Central,Breaking system,87.79
2021-06-05,North,Electrical system,1041.41
2021-06-05,North,Suspension & traction,891.17
2021-06-05,West,Engine,442.04
2021-06-05,Central,Suspension & traction,278.07
2021-06-05,Central,Breaking system,138.29
2021-06-05,West,Breaking system,77.38
2021-06-05,Central,Miscellaneous,25.2
2021-06-04,North,Suspension & traction,309.23
2021-06-04,West,Electrical system,249.98
2021-06-04,Central,Frame & body,123.21
2021-06-04,North,Electrical system,100.81
2021-06-04,Central,Breaking system,79.14
2021-06-04,Central,Suspension & traction,37.03
2021-06-03,North,Electrical system,326.21
2021-06-03,Central,Electrical system,245.31
2021-06-03,Central,Suspension & traction,213.15
2021-06-03,North,Suspension & traction,180.91
2021-06-03,Central,Frame & body,48.9
2021-06-03,West,Electrical system,40.37
2021-06-02,West,Frame & body,308.89
2021-06-02,Central,Frame & body,244.63
2021-06-02,Central,Electrical system,223.68
2021-06-02,Central,Suspension & traction,172.01
2021-06-02,Central,Breaking system,135.92
2021-06-02,North,Miscellaneous,121.66
2021-06-02,West,Breaking system,49.94
2021-06-02,North,Frame & body,40.41
2021-06-01,North,Suspension & traction,1758.25
2021-06-01,West,Frame & body,1579.87
2021-06-01,North,Frame & body,878.05
2021-06-01,Central,Frame & body,229.22
2021-06-01,Central,Suspension & traction,224.71
2021-06-01,Central,Breaking system,224.38
2021-06-01,North,Breaking system,173.61
2021-06-01,Central,Miscellaneous,134.83
2021-06-01,Central,Engine,120.96
2021-06-01,West,Electrical system,54.41
